{"cameraMode":{"drawMode":0,"name":"Shaded","section":"Shading Mode"},"sceneLighting":true,"audioPlay":false,"sceneViewState":{"m_AlwaysRefresh":false,"showFog":true,"showSkybox":true,"showFlares":true,"showImageEffects":true,"showParticleSystems":true,"showVisualEffectGraphs":true,"m_FxEnabled":true},"in2DMode":false,"pivot":{"x":-3.2875447273254396,"y":0.6825647354125977,"z":1.9191083908081055},"rotation":{"x":-0.15237689018249513,"y":0.1511640101671219,"z":-0.023590436205267907,"w":-0.9764100313186646},"size":6.851616382598877,"orthographic":false}